{
  "version": 1,
  "author": "Trish Maganga",
  "editor": "wokwi",
  "parts": [
    { "type": "wokwi-breadboard", "id": "bb1", "top": -70.2, "left": -93.2, "attrs": {} },
    { "type": "wokwi-arduino-uno", "id": "uno", "top": 135, "left": 9, "attrs": {} },
    {
      "type": "wokwi-led",
      "id": "led1",
      "top": -61.2,
      "left": -82.6,
      "attrs": { "color": "red" }
    },
    {
      "type": "wokwi-led",
      "id": "led2",
      "top": -61.2,
      "left": 263,
      "attrs": { "color": "purple" }
    },
    {
      "type": "wokwi-led",
      "id": "led3",
      "top": -61.2,
      "left": 61.4,
      "attrs": { "color": "cyan" }
    },
    {
      "type": "wokwi-led",
      "id": "led4",
      "top": -61.2,
      "left": -34.6,
      "attrs": { "color": "blue" }
    },
    {
      "type": "wokwi-led",
      "id": "led5",
      "top": -61.2,
      "left": 3.8,
      "attrs": { "color": "orange" }
    },
    {
      "type": "wokwi-led",
      "id": "led6",
      "top": -61.2,
      "left": 215,
      "attrs": { "color": "magenta" }
    },
    {
      "type": "wokwi-led",
      "id": "led7",
      "top": -61.2,
      "left": 167,
      "attrs": { "color": "white" }
    },
    {
      "type": "wokwi-led",
      "id": "led8",
      "top": -61.2,
      "left": 128.6,
      "attrs": { "color": "limegreen" }
    },
    {
      "type": "wokwi-resistor",
      "id": "r1",
      "top": 14.4,
      "left": -0.55,
      "rotate": 90,
      "attrs": { "value": "220" }
    },
    {
      "type": "wokwi-resistor",
      "id": "r2",
      "top": 14.4,
      "left": -86.95,
      "rotate": 90,
      "attrs": { "value": "220" }
    },
    {
      "type": "wokwi-resistor",
      "id": "r3",
      "top": 14.4,
      "left": 57.05,
      "rotate": 90,
      "attrs": { "value": "220" }
    },
    {
      "type": "wokwi-resistor",
      "id": "r4",
      "top": 14.4,
      "left": 124.25,
      "rotate": 90,
      "attrs": { "value": "220" }
    },
    {
      "type": "wokwi-resistor",
      "id": "r5",
      "top": 14.4,
      "left": 210.65,
      "rotate": 90,
      "attrs": { "value": "220" }
    },
    {
      "type": "wokwi-resistor",
      "id": "r6",
      "top": 14.4,
      "left": -38.95,
      "rotate": 90,
      "attrs": { "value": "220" }
    },
    {
      "type": "wokwi-resistor",
      "id": "r7",
      "top": 14.4,
      "left": 162.65,
      "rotate": 90,
      "attrs": { "value": "220" }
    },
    {
      "type": "wokwi-resistor",
      "id": "r8",
      "top": 14.4,
      "left": 258.65,
      "rotate": 90,
      "attrs": { "value": "220" }
    }
  ],
  "connections": [
    [ "bb1:45t.a", "uno:GND.1", "cyan", [ "v0" ] ],
    [ "led1:A", "bb1:2t.a", "", [ "$bb" ] ],
    [ "led1:C", "bb1:1t.a", "", [ "$bb" ] ],
    [ "led6:A", "bb1:33t.a", "", [ "$bb" ] ],
    [ "led6:C", "bb1:32t.a", "", [ "$bb" ] ],
    [ "led2:A", "bb1:38t.a", "", [ "$bb" ] ],
    [ "led2:C", "bb1:37t.a", "", [ "$bb" ] ],
    [ "led3:A", "bb1:17t.a", "", [ "$bb" ] ],
    [ "led3:C", "bb1:16t.a", "", [ "$bb" ] ],
    [ "led8:A", "bb1:24t.a", "", [ "$bb" ] ],
    [ "led8:C", "bb1:23t.a", "", [ "$bb" ] ],
    [ "led7:A", "bb1:28t.a", "", [ "$bb" ] ],
    [ "led7:C", "bb1:27t.a", "", [ "$bb" ] ],
    [ "led5:A", "bb1:11t.a", "", [ "$bb" ] ],
    [ "led5:C", "bb1:10t.a", "", [ "$bb" ] ],
    [ "led4:A", "bb1:7t.a", "", [ "$bb" ] ],
    [ "led4:C", "bb1:6t.a", "", [ "$bb" ] ],
    [ "r1:1", "bb1:11t.b", "", [ "$bb" ] ],
    [ "r1:2", "bb1:11b.f", "", [ "$bb" ] ],
    [ "r3:1", "bb1:17t.b", "", [ "$bb" ] ],
    [ "r3:2", "bb1:17b.f", "", [ "$bb" ] ],
    [ "r8:1", "bb1:38t.b", "", [ "$bb" ] ],
    [ "r8:2", "bb1:38b.f", "", [ "$bb" ] ],
    [ "r7:1", "bb1:28t.b", "", [ "$bb" ] ],
    [ "r7:2", "bb1:28b.f", "", [ "$bb" ] ],
    [ "r2:1", "bb1:2t.b", "", [ "$bb" ] ],
    [ "r2:2", "bb1:2b.f", "", [ "$bb" ] ],
    [ "r4:1", "bb1:24t.b", "", [ "$bb" ] ],
    [ "r4:2", "bb1:24b.f", "", [ "$bb" ] ],
    [ "r5:1", "bb1:33t.b", "", [ "$bb" ] ],
    [ "r5:2", "bb1:33b.f", "", [ "$bb" ] ],
    [ "bb1:2b.g", "uno:13", "blue", [ "v0" ] ],
    [ "bb1:11b.g", "uno:11", "purple", [ "v0" ] ],
    [ "bb1:17b.g", "uno:10", "green", [ "v0" ] ],
    [ "bb1:24b.g", "uno:9", "green", [ "v0" ] ],
    [ "bb1:28b.g", "uno:8", "green", [ "v0" ] ],
    [ "bb1:33b.g", "uno:5", "green", [ "v0" ] ],
    [ "bb1:38b.g", "uno:5", "green", [ "v0" ] ],
    [ "bb1:33b.g", "r5:2", "green", [ "v0" ] ],
    [ "r6:1", "bb1:7t.b", "", [ "$bb" ] ],
    [ "r6:2", "bb1:7b.f", "", [ "$bb" ] ],
    [ "r6:2", "uno:12", "red", [ "h0" ] ],
    [ "led2:A", "bb1:39t.a", "green", [ "v0" ] ],
    [ "bb1:40t.a", "bb1:42t.a", "green", [ "v0" ] ],
    [ "led3:A", "led8:A", "green", [ "v0" ] ],
    [ "led1:C", "led4:C", "green", [ "v0" ] ],
    [ "led4:C", "led5:C", "green", [ "v0" ] ],
    [ "led5:C", "led3:C", "green", [ "v0" ] ],
    [ "led3:C", "led8:C", "green", [ "v0" ] ],
    [ "led8:C", "led7:C", "green", [ "v0" ] ],
    [ "led7:C", "led6:C", "green", [ "v0" ] ],
    [ "led6:C", "led2:C", "green", [ "v0" ] ],
    [ "led2:C", "bb1:45t.a", "green", [ "v0" ] ]
  ],
  "dependencies": {}
}